IMG_20221012_110048_jpg.rf.9952ff056b379dd60cf2fc11f1607894.jpg,5,48,468,372,contrails
IMG_20221012_110048_jpg.rf.9952ff056b379dd60cf2fc11f1607894.jpg,351,0,640,104,contrails




IMG_20220902_150518_jpg.rf.94708be37ada90f19207add27694fbde.jpg,379,305,596,509,contrails


IMG_20221006_080049_jpg.rf.97fbe4cbac2f954765f6272ab61bd39b.jpg,350,537,486,640,contrails
IMG_20221006_080049_jpg.rf.97fbe4cbac2f954765f6272ab61bd39b.jpg,0,170,585,335,contrails
IMG_20221006_080049_jpg.rf.97fbe4cbac2f954765f6272ab61bd39b.jpg,151,0,441,130,contrails
IMG_20221006_080049_jpg.rf.97fbe4cbac2f954765f6272ab61bd39b.jpg,365,51,556,187,contrails

20220902_144429_jpg.rf.9b4af5707f165c5dd111797c0a420aee.jpg,197,640,198,640,contrails
20220902_144429_jpg.rf.9b4af5707f165c5dd111797c0a420aee.jpg,0,230,168,378,contrails


2022-08-06_09_00_08_jpg.rf.9a6ffb7c40a3c7cc88f448ec431896fd.jpg,0,11,305,195,contrails
2022-08-06_09_00_08_jpg.rf.9a6ffb7c40a3c7cc88f448ec431896fd.jpg,45,130,348,280,contrails
IMG_20221104_150049_jpg.rf.992d99491b089446f5ad2b9e59a4c5af.jpg,102,0,640,238,contrails
IMG_20221030_170048_jpg.rf.9f3f8fdb9e43eec6feea7dcb011282ad.jpg,4,0,303,640,contrails
IMG_20221030_170048_jpg.rf.9f3f8fdb9e43eec6feea7dcb011282ad.jpg,68,536,160,640,contrails

20220902_144734_jpg.rf.9640c89d71aa5054a4b54c19cf3860bd.jpg,357,0,366,4,contrails


IMG_20220929_180048_jpg.rf.93f11516b3bafc2794a8a229d9a305e5.jpg,484,0,603,105,contrails
IMG_20221012_110048_jpg.rf.9c1f09f5de9662b9657e0f16e61590a1.jpg,194,0,368,187,contrails
IMG_20221006_120048_jpg.rf.9c15953da1c150fec6826de2bc822464.jpg,0,365,389,630,contrails
IMG_20221006_120048_jpg.rf.9c15953da1c150fec6826de2bc822464.jpg,0,604,32,634,contrails
IMG_20221012_070048_jpg.rf.a157a74e2522648e44ef4c0cb905fe9f.jpg,339,254,640,640,contrails
IMG_20221104_100048_jpg.rf.976e476dc1e66ace0b352daee329cfee.jpg,3,0,388,548,contrails


20220902_144429_jpg.rf.a3446b2b30aa7a1158ef89c51eec1c62.jpg,194,0,415,84,contrails
IMG_20221006_080049_jpg.rf.abe402194b554c95900a44a682a708c8.jpg,0,448,633,635,contrails

IMG_20220929_180048_jpg.rf.a904507e71543f351283fe40a356ea17.jpg,354,311,634,513,contrails
IMG_20221012_080048_jpg.rf.a7a4dc07cf21fb27a8fb1d58d1b30627.jpg,83,364,640,600,contrails
IMG_20221012_080048_jpg.rf.a7a4dc07cf21fb27a8fb1d58d1b30627.jpg,576,1,640,70,contrails
IMG_20221030_170048_jpg.rf.a7eb160524dfeb9d5191cdb67ded022a.jpg,0,594,114,640,contrails
IMG_20221030_170048_jpg.rf.a7eb160524dfeb9d5191cdb67ded022a.jpg,0,510,223,640,contrails
2022-08-29_18_00_34_jpg.rf.aff476f08b67d680bda4ad9aa1d5c8e9.jpg,0,610,53,640,contrails
IMG_20220917_080048_jpg.rf.ae2a6b7dca5a88b0c9c2f6767c759d33.jpg,68,299,370,542,contrails
IMG_20220917_080048_jpg.rf.ae2a6b7dca5a88b0c9c2f6767c759d33.jpg,0,133,109,288,contrails

IMG_20221104_150049_jpg.rf.afd4e391392f29c2450ba19f50850879.jpg,637,0,640,6,contrails

IMG_20221104_150049_jpg.rf.a554691c45381aa45d7bc366b1819263.jpg,0,412,328,640,contrails
IMG_20221104_150049_jpg.rf.a554691c45381aa45d7bc366b1819263.jpg,96,175,287,383,contrails
IMG_20221104_150049_jpg.rf.a554691c45381aa45d7bc366b1819263.jpg,0,304,94,404,contrails
IMG_20221012_110048_jpg.rf.b0c0c5248e9c679af15b4bf6e092a60b.jpg,268,5,592,468,contrails
IMG_20221012_110048_jpg.rf.b0c0c5248e9c679af15b4bf6e092a60b.jpg,536,351,640,640,contrails




IMG_20221012_080048_jpg.rf.b24812c39d3704c6200969c4e1d44733.jpg,0,40,557,276,contrails
IMG_20221012_080048_jpg.rf.b24812c39d3704c6200969c4e1d44733.jpg,0,570,64,639,contrails
IMG_20220917_080048_jpg.rf.a2901df88a0af8784d834a0026047df2.jpg,296,4,640,243,contrails
IMG_20221104_150049_jpg.rf.aa6a55bb86e0b278487369eff6d9eaf9.jpg,402,102,640,640,contrails

2022-08-11_13_00_33_jpg.rf.aac61cb6d16bc3bfe046ca20712bd029.jpg,381,198,534,471,contrails
IMG_20221205_070049_jpg.rf.a9ddb11f82d8a0b7d5455baf55908732.jpg,74,0,324,566,contrails
IMG_20221205_070049_jpg.rf.a9ddb11f82d8a0b7d5455baf55908732.jpg,205,0,385,583,contrails
IMG_20221205_070049_jpg.rf.a9ddb11f82d8a0b7d5455baf55908732.jpg,376,0,444,566,contrails
IMG_20221205_070049_jpg.rf.a9ddb11f82d8a0b7d5455baf55908732.jpg,496,146,601,597,contrails
IMG_20221205_070049_jpg.rf.a9ddb11f82d8a0b7d5455baf55908732.jpg,601,432,640,555,contrails


IMG_20221104_110049_jpg.rf.b8abe326d5263f3fdaae16a0e99d2a82.jpg,0,137,162,280,contrails

IMG_20221030_070048_jpg.rf.b603e9c42dcbf52bc37e460cecb8ae02.jpg,388,0,477,58,contrails



IMG_20221030_070048_jpg.rf.b33b910c0b507e1a81b0d11886a7d2cb.jpg,296,591,361,640,contrails
IMG_20221030_070048_jpg.rf.b33b910c0b507e1a81b0d11886a7d2cb.jpg,532,542,637,640,contrails
IMG_20221006_080049_jpg.rf.b6b46de21a56248b52b667311f15a5bf.jpg,0,547,196,640,contrails
IMG_20221006_080049_jpg.rf.b6b46de21a56248b52b667311f15a5bf.jpg,0,579,54,615,contrails
IMG_20221006_080049_jpg.rf.b6b46de21a56248b52b667311f15a5bf.jpg,0,48,357,437,contrails
IMG_20221006_080049_jpg.rf.b6b46de21a56248b52b667311f15a5bf.jpg,0,172,69,266,contrails
IMG_20221104_130048_jpg.rf.c28b09bb5cb2390393327f1229a40049.jpg,357,258,638,640,contrails
IMG_20221204_130048_jpg.rf.c0b91b6def61812a993efe4abcbda81f.jpg,150,608,274,640,contrails

IMG_20221030_130048_jpg.rf.b25d75a39b235a28678eadaaac8815e3.jpg,375,0,539,98,contrails

IMG_20220917_190048_jpg.rf.c61fdda50cf5d529f5a035f85be87bf6.jpg,470,261,640,635,contrails

IMG_20221006_120048_jpg.rf.bdedfdfeecbb3d65d74fcd87a07f4938.jpg,0,203,640,639,contrails
IMG_20221006_120048_jpg.rf.bdedfdfeecbb3d65d74fcd87a07f4938.jpg,0,18,68,57,contrails
IMG_20221030_070048_jpg.rf.c634880414d9734e13cb857df8cb34cf.jpg,191,0,640,374,contrails
IMG_20221030_070048_jpg.rf.c634880414d9734e13cb857df8cb34cf.jpg,135,4,640,637,contrails
IMG_20221012_110048_jpg.rf.b9e2e24e0edc27f12ce6401ffe40b903.jpg,0,43,54,121,contrails



20220902_144429_jpg.rf.be8e51f56d61c842eb12bfb56fb5c44f.jpg,548,368,615,421,contrails
20220902_144429_jpg.rf.be8e51f56d61c842eb12bfb56fb5c44f.jpg,0,309,609,558,contrails
20220902_144429_jpg.rf.be8e51f56d61c842eb12bfb56fb5c44f.jpg,550,177,640,259,contrails
IMG_20220921_170049_jpg.rf.ca8324146fae14364f86aebfd37787f8.jpg,360,107,640,363,contrails
IMG_20221104_150049_jpg.rf.bf5d2971514aa5e0a8eaaa6305e3a54c.jpg,382,536,640,640,contrails
IMG_20221104_150049_jpg.rf.bf5d2971514aa5e0a8eaaa6305e3a54c.jpg,9,359,606,577,contrails
IMG_20221104_150049_jpg.rf.bf5d2971514aa5e0a8eaaa6305e3a54c.jpg,212,180,640,380,contrails
2022-08-02_13_00_07_jpg.rf.cd77a3159f29cc9366f9414fbbe33c36.jpg,202,3,631,640,contrails
IMG_20221006_100048_jpg.rf.c88e00a95306f492317f280770797a5f.jpg,392,564,594,640,contrails
IMG_20221205_070049_jpg.rf.c9bdb722242b9d6afc4df25748808144.jpg,0,316,566,566,contrails
IMG_20221205_070049_jpg.rf.c9bdb722242b9d6afc4df25748808144.jpg,0,255,583,435,contrails
IMG_20221205_070049_jpg.rf.c9bdb722242b9d6afc4df25748808144.jpg,0,196,566,264,contrails
IMG_20221205_070049_jpg.rf.c9bdb722242b9d6afc4df25748808144.jpg,146,39,597,144,contrails
IMG_20221205_070049_jpg.rf.c9bdb722242b9d6afc4df25748808144.jpg,432,0,555,39,contrails
IMG_20221030_130048_jpg.rf.c7cb25d01643f35d0945150dfa1ea002.jpg,101,542,265,640,contrails
2022-08-06_09_00_08_jpg.rf.cc0f1e1991462faf637980ff359386d7.jpg,611,162,640,197,contrails


IMG_20221105_110048_jpg.rf.cbf8967fb7854b39bcab8bd750f67da5.jpg,0,94,640,541,contrails
IMG_20221105_110048_jpg.rf.cbf8967fb7854b39bcab8bd750f67da5.jpg,339,7,640,267,contrails
IMG_20221105_110048_jpg.rf.cbf8967fb7854b39bcab8bd750f67da5.jpg,542,1,640,102,contrails
IMG_20221006_080049_jpg.rf.d1f2c344b506d480dacbe4afd3a7b154.jpg,0,350,103,486,contrails
IMG_20221006_080049_jpg.rf.d1f2c344b506d480dacbe4afd3a7b154.jpg,305,0,470,585,contrails
IMG_20221006_080049_jpg.rf.d1f2c344b506d480dacbe4afd3a7b154.jpg,510,151,640,441,contrails
IMG_20221006_080049_jpg.rf.d1f2c344b506d480dacbe4afd3a7b154.jpg,453,365,589,556,contrails
20220902_142453_jpg.rf.d08e1fd234ee862cc7c902459f89bece.jpg,114,0,208,153,contrails
20220902_142453_jpg.rf.d08e1fd234ee862cc7c902459f89bece.jpg,305,0,389,105,contrails

IMG_20221105_110048_jpg.rf.d43c81ea63155b6fa9952901dcb61a47.jpg,372,0,640,161,contrails
IMG_20221105_110048_jpg.rf.d43c81ea63155b6fa9952901dcb61a47.jpg,277,87,640,530,contrails
IMG_20221105_110048_jpg.rf.d43c81ea63155b6fa9952901dcb61a47.jpg,260,206,640,636,contrails
2022-08-11_13_00_33_jpg.rf.ce438a8edf66cbf469f13bdb6d3d343d.jpg,169,381,442,534,contrails
IMG_20221028_080048_jpg.rf.d61bcfd9f0440eceeeae910f4cb13b9c.jpg,268,0,454,270,contrails
IMG_20220921_170049_jpg.rf.d390caa2b01b3dd280f06f7797ac7dd4.jpg,0,1,280,184,contrails
IMG_20221012_100048_jpg.rf.d6cc2d4a27af12fbbafcc2e9a1ab37ac.jpg,386,253,640,640,contrails
IMG_20220917_080048_jpg.rf.c9ac1386f08f3090a401bf7414f076a6.jpg,98,68,341,370,contrails
IMG_20220917_080048_jpg.rf.c9ac1386f08f3090a401bf7414f076a6.jpg,352,0,507,109,contrails


IMG_20221028_090048_jpg.rf.d755ca6957ab5e3b2d9da317aea1a6d6.jpg,550,238,640,445,contrails
IMG_20221205_070049_jpg.rf.d800678f1783260648e1ba45393f46f5.jpg,126,0,415,99,contrails
IMG_20221205_070049_jpg.rf.d800678f1783260648e1ba45393f46f5.jpg,37,39,610,457,contrails
IMG_20221205_070049_jpg.rf.d800678f1783260648e1ba45393f46f5.jpg,88,232,449,634,contrails
IMG_20221205_070049_jpg.rf.d800678f1783260648e1ba45393f46f5.jpg,244,494,322,633,contrails
IMG_20221006_100048_jpg.rf.cc2e2a1e49d0a6924a13bba076224337.jpg,574,0,622,17,contrails
IMG_20221006_100048_jpg.rf.cc2e2a1e49d0a6924a13bba076224337.jpg,343,240,640,628,contrails

IMG_20221012_110048_jpg.rf.d96b1b0a265d882313db6152a3f26b01.jpg,0,272,187,446,contrails

IMG_20221012_150048_jpg.rf.d8bf3528758c93ae62cf2d34aae2976d.jpg,472,0,640,92,contrails


IMG_20221028_090048_jpg.rf.ca807a68783e3576d158edc1c15ad10c.jpg,0,10,307,289,contrails

IMG_20221030_070048_jpg.rf.da3173dccfa4cf65c99e54c0b1dfdf2e.jpg,0,266,449,640,contrails
IMG_20221030_070048_jpg.rf.da3173dccfa4cf65c99e54c0b1dfdf2e.jpg,0,3,505,636,contrails


IMG_20221006_080049_jpg.rf.de153bd3991c171676125e816c4c69e2.jpg,5,247,640,568,contrails
IMG_20221006_080049_jpg.rf.de153bd3991c171676125e816c4c69e2.jpg,0,301,640,600,contrails
IMG_20221006_080049_jpg.rf.de153bd3991c171676125e816c4c69e2.jpg,453,0,640,161,contrails
IMG_20221006_080049_jpg.rf.de153bd3991c171676125e816c4c69e2.jpg,330,1,640,229,contrails
2022-08-29_18_00_34_jpg.rf.da2a458adb47b6525fd6bcfe5faa3bee.jpg,261,164,460,284,contrails
2022-08-29_18_00_34_jpg.rf.da2a458adb47b6525fd6bcfe5faa3bee.jpg,0,13,175,129,contrails
IMG_20221030_070048_jpg.rf.da7aded8071906ec6d1654aa4e214e37.jpg,0,0,374,449,contrails
IMG_20221030_070048_jpg.rf.da7aded8071906ec6d1654aa4e214e37.jpg,4,0,637,505,contrails
2022-07-31_09_00_08_jpg.rf.dde2f254c169fc6c9e8c8983a5e524cf.jpg,281,0,452,230,contrails
2022-07-31_09_00_08_jpg.rf.dde2f254c169fc6c9e8c8983a5e524cf.jpg,343,0,542,234,contrails
2022-07-31_09_00_08_jpg.rf.dde2f254c169fc6c9e8c8983a5e524cf.jpg,83,325,278,532,contrails
2022-07-31_09_00_08_jpg.rf.dde2f254c169fc6c9e8c8983a5e524cf.jpg,362,141,628,419,contrails
2022-07-31_09_00_08_jpg.rf.dde2f254c169fc6c9e8c8983a5e524cf.jpg,408,462,568,579,contrails


IMG_20221104_130048_jpg.rf.de43db8970ccca89c56caa70d71a52b5.jpg,258,2,640,283,contrails

IMG_20220902_150518_jpg.rf.ebf9746290393c3cfb8d7ab77bf9df4d.jpg,44,131,261,335,contrails
IMG_20221006_080049_jpg.rf.e23d124fe83b3af2157b520ab44a7280.jpg,0,0,93,196,contrails
IMG_20221006_080049_jpg.rf.e23d124fe83b3af2157b520ab44a7280.jpg,25,0,61,54,contrails
IMG_20221006_080049_jpg.rf.e23d124fe83b3af2157b520ab44a7280.jpg,203,0,592,357,contrails
IMG_20221006_080049_jpg.rf.e23d124fe83b3af2157b520ab44a7280.jpg,374,0,468,69,contrails
IMG_20221104_130048_jpg.rf.e8e64db6551de3722d057a8387f12d37.jpg,279,103,640,425,contrails

IMG_20221205_070049_jpg.rf.edb8dcdf860dcedbbbdc5c2f84de6881.jpg,407,513,640,629,contrails
IMG_20221205_070049_jpg.rf.edb8dcdf860dcedbbbdc5c2f84de6881.jpg,189,345,640,521,contrails
IMG_20221205_070049_jpg.rf.edb8dcdf860dcedbbbdc5c2f84de6881.jpg,105,183,640,264,contrails




IMG_20221205_070049_jpg.rf.e061735cf54945ac7b9b982bfdb7c6d2.jpg,225,541,514,640,contrails
IMG_20221205_070049_jpg.rf.e061735cf54945ac7b9b982bfdb7c6d2.jpg,30,183,603,601,contrails
IMG_20221205_070049_jpg.rf.e061735cf54945ac7b9b982bfdb7c6d2.jpg,191,6,552,408,contrails
IMG_20221205_070049_jpg.rf.e061735cf54945ac7b9b982bfdb7c6d2.jpg,318,7,396,146,contrails

20220902_153328_jpg.rf.ddc74fb4438cb690844a9c5ad79dcfaf.jpg,258,315,640,507,contrails
20220902_153328_jpg.rf.ddc74fb4438cb690844a9c5ad79dcfaf.jpg,199,13,640,340,contrails
IMG_20221012_150048_jpg.rf.f4d614f7c2d3c42ba9f63e1c9210fd12.jpg,0,54,422,287,contrails
IMG_20221028_090048_jpg.rf.f1a8f5c9c414a69a57fa58897bccf209.jpg,0,196,62,323,contrails




IMG_20221012_160048_jpg.rf.f6a7ab383366c503ed6819f1692dc89e.jpg,180,508,383,640,contrails
IMG_20220926_190048_jpg.rf.edb8a6ed3a0e174a86a3097578539243.jpg,432,0,529,304,contrails
2022-07-31_09_00_08_jpg.rf.f556bbfebd697383c42daaddf31c44c1.jpg,410,281,640,452,contrails
2022-07-31_09_00_08_jpg.rf.f556bbfebd697383c42daaddf31c44c1.jpg,406,343,640,542,contrails
2022-07-31_09_00_08_jpg.rf.f556bbfebd697383c42daaddf31c44c1.jpg,108,83,315,278,contrails
2022-07-31_09_00_08_jpg.rf.f556bbfebd697383c42daaddf31c44c1.jpg,221,362,499,628,contrails
2022-07-31_09_00_08_jpg.rf.f556bbfebd697383c42daaddf31c44c1.jpg,61,408,178,568,contrails
IMG_20221205_070049_jpg.rf.f8fc963e3ff95068bfb1cda9ae353159.jpg,167,230,636,453,contrails
IMG_20221205_070049_jpg.rf.f8fc963e3ff95068bfb1cda9ae353159.jpg,66,324,633,636,contrails


IMG_20221030_070048_jpg.rf.f9be6122896cac80388dbde70a995d8d.jpg,163,582,252,640,contrails
IMG_20221012_100048_jpg.rf.f6ad92ef8f1804049fb462513c77cf11.jpg,106,0,493,439,contrails
IMG_20221012_100048_jpg.rf.f6ad92ef8f1804049fb462513c77cf11.jpg,300,68,613,408,contrails
IMG_20221012_080048_jpg.rf.f178ffc2eb03d91feaac318ac930e62b.jpg,49,436,285,500,contrails
IMG_20221012_080048_jpg.rf.f178ffc2eb03d91feaac318ac930e62b.jpg,57,474,529,640,contrails
IMG_20221028_090048_jpg.rf.f5985280ea21ccb61f9708f07a184ae8.jpg,196,578,323,640,contrails


IMG_20221012_160048_jpg.rf.f776391ea26b0beb9334c55d17d5c05b.jpg,336,0,381,20,contrails
IMG_20221028_090048_jpg.rf.ff9515406af3aa54a8419b7a0fcd6a44.jpg,333,351,640,630,contrails
IMG_20220917_070048_jpg.rf.fea15336301fee0f0d09b5109ffb48d1.jpg,324,24,640,237,contrails
IMG_20220917_070048_jpg.rf.fea15336301fee0f0d09b5109ffb48d1.jpg,328,163,640,441,contrails
IMG_20220917_070048_jpg.rf.fea15336301fee0f0d09b5109ffb48d1.jpg,161,157,640,636,contrails
IMG_20221204_130048_jpg.rf.f805f3714caff55fc0e70adbf0c0baa6.jpg,608,366,640,490,contrails
IMG_20220917_190048_jpg.rf.fb9f867559341d8e507d0b593eaeddf9.jpg,0,379,230,524,contrails
2022-08-06_09_00_08_jpg.rf.fafe9a7c5010b34489951da803f69930.jpg,162,0,197,29,contrails

IMG_20221030_170048_jpg.rf.003daa6112643af9655094025d52064c.jpg,0,337,640,636,contrails
IMG_20221030_170048_jpg.rf.003daa6112643af9655094025d52064c.jpg,536,480,640,572,contrails
IMG_20221012_110048_jpg.rf.06b0e87fd5f80477883a7cde892c3a6b.jpg,300,151,636,640,contrails
IMG_20221012_110048_jpg.rf.06b0e87fd5f80477883a7cde892c3a6b.jpg,0,83,165,543,contrails

IMG_20221012_150048_jpg.rf.0458bbec6a1fc9bfc873f286225290e3.jpg,465,616,518,640,contrails
IMG_20221104_110049_jpg.rf.015a6ffd56c63e744fce2df85d8bfd5d.jpg,360,0,503,162,contrails
2022-08-29_18_00_34_jpg.rf.0949fb1cc68c094e130fff89b602c95b.jpg,0,559,30,621,contrails
IMG_20221028_090048_jpg.rf.01a063194920039639cdd03d9276b243.jpg,317,0,444,62,contrails
IMG_20220917_190048_jpg.rf.0771969b699894602a2bc4268d53579c.jpg,537,258,640,511,contrails

IMG_20220917_190048_jpg.rf.0baf2c6e5ca9b10640dbf5f048fda2b1.jpg,423,243,640,398,contrails

IMG_20221012_070048_jpg.rf.0a936790ae81ebcaf6ae0805152dada4.jpg,0,241,385,571,contrails
2022-08-29_18_00_34_jpg.rf.0627b8bfbdc78c9290db3522085fffc2.jpg,180,356,379,476,contrails
2022-08-29_18_00_34_jpg.rf.0627b8bfbdc78c9290db3522085fffc2.jpg,465,511,640,627,contrails



IMG_20221030_170048_jpg.rf.0f0f9f039cb77d0617da4ebf2a1c9a08.jpg,10,0,613,222,contrails
IMG_20221030_170048_jpg.rf.0f0f9f039cb77d0617da4ebf2a1c9a08.jpg,173,0,223,17,contrails
20220902_144734_jpg.rf.0f1a54387dd3a179e7a5a2e5284aa9f0.jpg,236,567,366,640,contrails
20220902_144734_jpg.rf.0f1a54387dd3a179e7a5a2e5284aa9f0.jpg,0,103,376,450,contrails
20220902_144734_jpg.rf.0f1a54387dd3a179e7a5a2e5284aa9f0.jpg,0,307,102,394,contrails
20220902_144734_jpg.rf.0f1a54387dd3a179e7a5a2e5284aa9f0.jpg,0,443,69,500,contrails
20220902_144734_jpg.rf.0f1a54387dd3a179e7a5a2e5284aa9f0.jpg,0,557,47,580,contrails
IMG_20221012_110048_jpg.rf.0ed5d71178e82ea667c760c713542ad1.jpg,519,0,597,54,contrails
IMG_20221105_110048_jpg.rf.066b3fb6161e6a50e44403c9fa7cabe8.jpg,184,0,287,54,contrails
IMG_20221012_100048_jpg.rf.100358e5e28e2e9643245329778722ce.jpg,201,106,640,493,contrails
IMG_20221012_100048_jpg.rf.100358e5e28e2e9643245329778722ce.jpg,232,300,572,613,contrails
IMG_20221012_110048_jpg.rf.1570f45386b0e244e7e8bd8589aada61.jpg,453,194,640,368,contrails


IMG_20221006_080049_jpg.rf.14abc15eeeda9d52808e9eb43df9fc47.jpg,0,72,635,393,contrails
IMG_20221006_080049_jpg.rf.14abc15eeeda9d52808e9eb43df9fc47.jpg,0,40,640,339,contrails
IMG_20221006_080049_jpg.rf.14abc15eeeda9d52808e9eb43df9fc47.jpg,0,479,187,640,contrails
IMG_20221006_080049_jpg.rf.14abc15eeeda9d52808e9eb43df9fc47.jpg,0,411,310,639,contrails
IMG_20220917_190048_jpg.rf.0f9ee56b8a4cf52bababfd4d3bf5cf40.jpg,0,129,103,382,contrails
IMG_20220926_190048_jpg.rf.18a9ab6e6d9c1bb3245fb1b84cf15e36.jpg,336,432,640,529,contrails
IMG_20221006_120048_jpg.rf.15e0729ed1e1e67e7a284c1050be2798.jpg,203,0,639,640,contrails
IMG_20221006_120048_jpg.rf.15e0729ed1e1e67e7a284c1050be2798.jpg,18,572,57,640,contrails

IMG_20221006_080049_jpg.rf.1b1ed330347a91efbe157e45cbcbe469.jpg,7,5,640,192,contrails
IMG_20221030_170048_jpg.rf.1b106e65da35014f0a7c841458171695.jpg,418,10,640,613,contrails
IMG_20221030_170048_jpg.rf.1b106e65da35014f0a7c841458171695.jpg,623,173,640,223,contrails
IMG_20221006_100048_jpg.rf.18cb982c5e20de7f5792d0c157df2fe7.jpg,0,18,17,66,contrails
IMG_20221006_100048_jpg.rf.18cb982c5e20de7f5792d0c157df2fe7.jpg,240,0,628,297,contrails




IMG_20221028_090048_jpg.rf.1a7e8a5ec9c7c0e85a04f5de8e6540df.jpg,195,550,402,640,contrails
IMG_20221030_070048_jpg.rf.1e918040de6ad9c87572e56727e0a98c.jpg,582,388,640,477,contrails
IMG_20221030_170048_jpg.rf.1fedb99e22633cd8119d9f1a572aaa2a.jpg,0,0,46,114,contrails
IMG_20221030_170048_jpg.rf.1fedb99e22633cd8119d9f1a572aaa2a.jpg,0,0,130,223,contrails
IMG_20221104_130048_jpg.rf.1dac33e39fcf4d5798dbf4bad296e3b4.jpg,0,357,382,638,contrails
20220902_144734_jpg.rf.1de45c30680f78840b710fb2f5c02c11.jpg,636,357,640,366,contrails
IMG_20221030_130048_jpg.rf.1f5a07c7bbf58e2ec7f6aa921ec4e772.jpg,184,0,608,264,contrails
IMG_20221030_130048_jpg.rf.1f5a07c7bbf58e2ec7f6aa921ec4e772.jpg,156,6,480,262,contrails
IMG_20221030_130048_jpg.rf.1f5a07c7bbf58e2ec7f6aa921ec4e772.jpg,163,193,385,488,contrails
2022-08-29_18_00_34_jpg.rf.206bdd6304d21c28fe2d5d681ca05b95.jpg,587,0,640,30,contrails
2022-08-29_18_00_34_jpg.rf.202f74ae7c6a83d00a6af6f5bfd25d2d.jpg,610,587,640,640,contrails



IMG_20221105_110048_jpg.rf.2354af4e89338d120fea07ec061b0210.jpg,353,586,456,640,contrails

2022-08-29_18_00_34_jpg.rf.2086a2da2d7e09ed0939995ddeaad519.jpg,356,261,476,460,contrails
2022-08-29_18_00_34_jpg.rf.2086a2da2d7e09ed0939995ddeaad519.jpg,511,0,627,175,contrails

IMG_20221006_080049_jpg.rf.2098462b5efa007d2109d0ca67973388.jpg,72,5,393,640,contrails
IMG_20221006_080049_jpg.rf.2098462b5efa007d2109d0ca67973388.jpg,40,0,339,640,contrails
IMG_20221006_080049_jpg.rf.2098462b5efa007d2109d0ca67973388.jpg,479,453,640,640,contrails
IMG_20221006_080049_jpg.rf.2098462b5efa007d2109d0ca67973388.jpg,411,330,639,640,contrails


2022-08-06_09_00_08_jpg.rf.20822103852afcedecdfb2e91d6193e3.jpg,11,335,195,640,contrails
2022-08-06_09_00_08_jpg.rf.20822103852afcedecdfb2e91d6193e3.jpg,130,292,280,595,contrails
20220902_153328_jpg.rf.1cc1c6014df5fb99ce71020f480c14c1.jpg,477,58,640,154,contrails
20220902_153328_jpg.rf.1cc1c6014df5fb99ce71020f480c14c1.jpg,510,225,640,322,contrails
20220902_153328_jpg.rf.1cc1c6014df5fb99ce71020f480c14c1.jpg,307,384,381,638,contrails
IMG_20221006_080049_jpg.rf.245c69793e9088762097f648e4a2174e.jpg,448,7,635,640,contrails
IMG_20221030_130048_jpg.rf.27b7d0ccf81488a38ed0f360801886ac.jpg,32,376,456,640,contrails
IMG_20221030_130048_jpg.rf.27b7d0ccf81488a38ed0f360801886ac.jpg,160,378,484,634,contrails
IMG_20221030_130048_jpg.rf.27b7d0ccf81488a38ed0f360801886ac.jpg,255,152,477,447,contrails
IMG_20221012_080048_jpg.rf.1dbbb0ffa66f8837dac82e527865b02c.jpg,355,140,591,204,contrails
IMG_20221012_080048_jpg.rf.1dbbb0ffa66f8837dac82e527865b02c.jpg,111,0,583,166,contrails
20220902_144734_jpg.rf.2a1d0c2a203d9e42fb0e376ba6b40539.jpg,483,2,640,153,contrails
20220902_144734_jpg.rf.2a1d0c2a203d9e42fb0e376ba6b40539.jpg,596,282,640,327,contrails
20220902_144734_jpg.rf.2a1d0c2a203d9e42fb0e376ba6b40539.jpg,526,383,640,460,contrails
20220902_144734_jpg.rf.2a1d0c2a203d9e42fb0e376ba6b40539.jpg,575,535,640,568,contrails

2022-08-02_13_00_07_jpg.rf.27c5a78af27d696188d22421f8b568ae.jpg,0,202,637,631,contrails

IMG_20221105_110048_jpg.rf.247b5dc811e70daebb25a15697f24981.jpg,0,99,640,546,contrails
IMG_20221105_110048_jpg.rf.247b5dc811e70daebb25a15697f24981.jpg,0,373,301,633,contrails
IMG_20221105_110048_jpg.rf.247b5dc811e70daebb25a15697f24981.jpg,0,538,98,639,contrails
IMG_20221104_110049_jpg.rf.2f9e101f1e62898e7082e0f67fc5667a.jpg,0,453,310,640,contrails
IMG_20221012_080048_jpg.rf.28a8b84178bc8e575efaf273db8ab9da.jpg,448,0,640,73,contrails
IMG_20221012_080048_jpg.rf.28a8b84178bc8e575efaf273db8ab9da.jpg,355,329,640,611,contrails
IMG_20221012_080048_jpg.rf.28a8b84178bc8e575efaf273db8ab9da.jpg,181,497,281,640,contrails
IMG_20221012_080048_jpg.rf.28a8b84178bc8e575efaf273db8ab9da.jpg,298,459,403,574,contrails




IMG_20220917_080048_jpg.rf.2f49b1e0b6da035210f19d8554ab407e.jpg,397,296,636,640,contrails


2022-08-29_18_00_34_jpg.rf.2c9f25d9051d42f04e8bbd5da3973d4b.jpg,19,0,81,30,contrails
IMG_20220926_190048_jpg.rf.28a95788ebb0d583d74692058fac6dd1.jpg,458,0,633,640,contrails

IMG_20221104_130048_jpg.rf.31e01f6574e13209f83d35994f1fd0ac.jpg,103,0,425,361,contrails

IMG_20221006_080049_jpg.rf.356e1e219c7e02d8d1844c4ba98b3e6e.jpg,154,0,290,103,contrails
IMG_20221006_080049_jpg.rf.356e1e219c7e02d8d1844c4ba98b3e6e.jpg,55,305,640,470,contrails
IMG_20221006_080049_jpg.rf.356e1e219c7e02d8d1844c4ba98b3e6e.jpg,199,510,489,640,contrails
IMG_20221006_080049_jpg.rf.356e1e219c7e02d8d1844c4ba98b3e6e.jpg,84,453,275,589,contrails


20220902_144734_jpg.rf.3344b4ba92c5e0a1fb52a710c88b958a.jpg,0,236,73,366,contrails
20220902_144734_jpg.rf.3344b4ba92c5e0a1fb52a710c88b958a.jpg,190,0,537,376,contrails
20220902_144734_jpg.rf.3344b4ba92c5e0a1fb52a710c88b958a.jpg,246,0,333,102,contrails
20220902_144734_jpg.rf.3344b4ba92c5e0a1fb52a710c88b958a.jpg,140,0,197,69,contrails
20220902_144734_jpg.rf.3344b4ba92c5e0a1fb52a710c88b958a.jpg,60,0,83,47,contrails
IMG_20220917_190048_jpg.rf.3de8fca572bca3b6b993cc22f68455e1.jpg,0,242,217,397,contrails

IMG_20220917_070048_jpg.rf.36c5aad6485da8db6bde960c5dcfa13c.jpg,0,26,640,444,contrails
IMG_20220917_070048_jpg.rf.36c5aad6485da8db6bde960c5dcfa13c.jpg,373,16,640,260,contrails
IMG_20220917_070048_jpg.rf.36c5aad6485da8db6bde960c5dcfa13c.jpg,639,4,640,5,contrails

IMG_20221012_080048_jpg.rf.306158ed5d53f550a5955f4df1bcb8f5.jpg,0,567,192,640,contrails
IMG_20221012_080048_jpg.rf.306158ed5d53f550a5955f4df1bcb8f5.jpg,0,29,285,311,contrails
IMG_20221012_080048_jpg.rf.306158ed5d53f550a5955f4df1bcb8f5.jpg,359,0,459,143,contrails
IMG_20221012_080048_jpg.rf.306158ed5d53f550a5955f4df1bcb8f5.jpg,237,66,342,181,contrails

IMG_20221006_100048_jpg.rf.3e90774960c27fcab71e94cfdb39fedc.jpg,0,593,5,602,contrails
IMG_20221006_130048_jpg.rf.3470e92395160d48091caa14b266f47f.jpg,0,344,352,639,contrails
IMG_20221006_130048_jpg.rf.3470e92395160d48091caa14b266f47f.jpg,0,183,640,638,contrails
IMG_20221205_070049_jpg.rf.34917a71a15d08ee9fee30fd40ab68da.jpg,0,225,99,514,contrails
IMG_20221205_070049_jpg.rf.34917a71a15d08ee9fee30fd40ab68da.jpg,39,30,457,603,contrails
IMG_20221205_070049_jpg.rf.34917a71a15d08ee9fee30fd40ab68da.jpg,232,191,634,552,contrails
IMG_20221205_070049_jpg.rf.34917a71a15d08ee9fee30fd40ab68da.jpg,494,318,633,396,contrails
2022-08-02_13_00_07_jpg.rf.4129a7f907a5547b6e14e9570474aa59.jpg,179,0,243,60,contrails
2022-08-02_13_00_07_jpg.rf.3c9fd9bf90a0a50b1cd8964e989f71e0.jpg,580,179,640,243,contrails


IMG_20221006_120048_jpg.rf.411e093079b3d1745c801c2b8b5b1f96.jpg,10,0,275,389,contrails
IMG_20221006_120048_jpg.rf.411e093079b3d1745c801c2b8b5b1f96.jpg,6,0,36,32,contrails
IMG_20221104_130048_jpg.rf.3c665dc6437cf49b98b31ef7ed9e5714.jpg,0,215,361,537,contrails

IMG_20221030_070048_jpg.rf.4570f09fcc7a62cc3a3008b84d7888bb.jpg,591,279,640,344,contrails
IMG_20221030_070048_jpg.rf.4570f09fcc7a62cc3a3008b84d7888bb.jpg,542,3,640,108,contrails
IMG_20221104_110049_jpg.rf.450d21a4e369259ed9f3e21fccab26f5.jpg,330,0,640,187,contrails
20220902_144429_jpg.rf.4afb206f455df8e3af4163e7bffe0ded.jpg,219,548,272,615,contrails
20220902_144429_jpg.rf.4afb206f455df8e3af4163e7bffe0ded.jpg,82,0,331,609,contrails
20220902_144429_jpg.rf.4afb206f455df8e3af4163e7bffe0ded.jpg,381,550,463,640,contrails
IMG_20221205_070049_jpg.rf.4414939eba39bb13d767c8706a292801.jpg,11,407,127,640,contrails
IMG_20221205_070049_jpg.rf.4414939eba39bb13d767c8706a292801.jpg,119,189,295,640,contrails
IMG_20221205_070049_jpg.rf.4414939eba39bb13d767c8706a292801.jpg,376,105,457,640,contrails
IMG_20221006_080049_jpg.rf.432c155b59e77a7abd053ba5b42a1478.jpg,444,0,640,93,contrails
IMG_20221006_080049_jpg.rf.432c155b59e77a7abd053ba5b42a1478.jpg,586,25,640,61,contrails
IMG_20221006_080049_jpg.rf.432c155b59e77a7abd053ba5b42a1478.jpg,283,203,640,592,contrails
IMG_20221006_080049_jpg.rf.432c155b59e77a7abd053ba5b42a1478.jpg,571,374,640,468,contrails


20220902_144429_jpg.rf.465398edea04b59ad6262bafd6c5c13b.jpg,556,194,640,415,contrails
IMG_20221103_090048_jpg.rf.3ca3cf92b57da6fb9c15cda9a1577a34.jpg,266,143,638,338,contrails
IMG_20221103_090048_jpg.rf.3ca3cf92b57da6fb9c15cda9a1577a34.jpg,291,71,640,215,contrails
IMG_20221205_070049_jpg.rf.353755139c2a28baa161b0b36233e6a6.jpg,0,11,233,127,contrails
IMG_20221205_070049_jpg.rf.353755139c2a28baa161b0b36233e6a6.jpg,0,119,451,295,contrails
IMG_20221205_070049_jpg.rf.353755139c2a28baa161b0b36233e6a6.jpg,0,376,535,457,contrails
2022-07-31_09_00_08_jpg.rf.47493a6a31367c7d99e829996c20f87f.jpg,0,402,102,498,contrails
2022-07-31_09_00_08_jpg.rf.47493a6a31367c7d99e829996c20f87f.jpg,0,495,79,579,contrails
IMG_20221012_070048_jpg.rf.47b4644a7b94fee0271b62b8dfffaa8a.jpg,69,0,399,385,contrails
IMG_20221012_150048_jpg.rf.4b23b10adb6b92d321aa1a3a6ff7bd9f.jpg,0,0,92,168,contrails
20220902_142453_jpg.rf.2856e2c6c732736a867ccf297a29e3f1.jpg,487,114,640,208,contrails
20220902_142453_jpg.rf.2856e2c6c732736a867ccf297a29e3f1.jpg,535,305,640,389,contrails

IMG_20220926_190048_jpg.rf.49dd07893915a753d35f06368e243c9a.jpg,0,458,640,633,contrails


20220902_153328_jpg.rf.4560c1932e7611f1a8ce1e0237c2e46d.jpg,0,133,382,325,contrails
20220902_153328_jpg.rf.4560c1932e7611f1a8ce1e0237c2e46d.jpg,0,300,441,627,contrails
IMG_20221006_120048_jpg.rf.53146682e51d3335a18e8cd47221c061.jpg,251,10,640,275,contrails
IMG_20221006_120048_jpg.rf.53146682e51d3335a18e8cd47221c061.jpg,608,6,640,36,contrails

IMG_20221028_080048_jpg.rf.4ffafe984814ad6b76d287b6d0ade687.jpg,250,0,605,137,contrails


IMG_20221105_110048_jpg.rf.4cdd68d48cfd420aa781d2d7ad3f6680.jpg,0,479,268,640,contrails
IMG_20221105_110048_jpg.rf.4cdd68d48cfd420aa781d2d7ad3f6680.jpg,0,110,363,553,contrails
IMG_20221105_110048_jpg.rf.4cdd68d48cfd420aa781d2d7ad3f6680.jpg,0,4,380,434,contrails
IMG_20221012_160048_jpg.rf.5ba1d6fc94e331a99e259dfa1518eda2.jpg,259,620,304,640,contrails
IMG_20221204_130048_jpg.rf.59ee174b9b62a186874d505f9239dc3c.jpg,0,215,76,455,contrails
IMG_20221204_130048_jpg.rf.59ee174b9b62a186874d505f9239dc3c.jpg,287,12,640,458,contrails

IMG_20221012_100048_jpg.rf.4ff0657332c6d4d2ebc989dc1db0988a.jpg,0,386,387,640,contrails
IMG_20221028_090048_jpg.rf.53346d865d590442963767b9c46f9af8.jpg,351,0,630,307,contrails
2022-08-02_09_00_08_jpg.rf.4c2065a3cea5d1f75446a763e966a35c.jpg,283,100,635,300,contrails
IMG_20221012_110048_jpg.rf.520322f177262d7ba22a105db8bc1927.jpg,151,4,640,340,contrails
IMG_20221012_110048_jpg.rf.520322f177262d7ba22a105db8bc1927.jpg,83,475,543,640,contrails
IMG_20221012_160048_jpg.rf.580ec66d4027295f352ad310d7efa91d.jpg,257,0,460,132,contrails
IMG_20220917_070048_jpg.rf.56a9fa6e791e95b89d92bfeeecb1f806.jpg,0,403,316,616,contrails
IMG_20220917_070048_jpg.rf.56a9fa6e791e95b89d92bfeeecb1f806.jpg,0,199,312,477,contrails
IMG_20220917_070048_jpg.rf.56a9fa6e791e95b89d92bfeeecb1f806.jpg,0,4,479,483,contrails
IMG_20221104_110049_jpg.rf.5ed09cdc4b0289ca894bec43737e6ed1.jpg,478,360,640,503,contrails

IMG_20220929_180048_jpg.rf.5e7062f1365a02b58dc8e98f61e55b05.jpg,516,204,640,640,contrails
IMG_20221205_070049_jpg.rf.57b40f3828ff064d3262453554d07d47.jpg,230,4,453,473,contrails
IMG_20221205_070049_jpg.rf.57b40f3828ff064d3262453554d07d47.jpg,324,7,636,574,contrails
IMG_20221205_070049_jpg.rf.5b39d39fd43352daa12fb703a859c2cb.jpg,4,187,473,410,contrails
IMG_20221205_070049_jpg.rf.5b39d39fd43352daa12fb703a859c2cb.jpg,7,4,574,316,contrails

IMG_20221012_110048_jpg.rf.5e3a702cb6652f9dfb1008f46f520e93.jpg,586,519,640,597,contrails
IMG_20221012_110048_jpg.rf.633717373cf2488de7eec6d14342389f.jpg,172,268,635,592,contrails
IMG_20221012_110048_jpg.rf.633717373cf2488de7eec6d14342389f.jpg,0,536,289,640,contrails

IMG_20220917_070048_jpg.rf.6181296714e5642be8e544d05bf8d1f5.jpg,0,196,640,614,contrails
IMG_20220917_070048_jpg.rf.6181296714e5642be8e544d05bf8d1f5.jpg,0,380,267,624,contrails
IMG_20220917_070048_jpg.rf.6181296714e5642be8e544d05bf8d1f5.jpg,0,635,1,636,contrails




2022-07-31_09_00_08_jpg.rf.5c4480b3080ac1105263bca807340603.jpg,402,538,498,640,contrails
2022-07-31_09_00_08_jpg.rf.5c4480b3080ac1105263bca807340603.jpg,495,561,579,640,contrails
IMG_20221006_100048_jpg.rf.69620c2b5ce467d666e2a61ae5417b69.jpg,593,635,602,640,contrails

IMG_20221006_120048_jpg.rf.65056f99cd7228ca5dc7f415c40585a9.jpg,0,1,640,437,contrails
IMG_20221006_120048_jpg.rf.65056f99cd7228ca5dc7f415c40585a9.jpg,572,583,640,622,contrails
20220902_153328_jpg.rf.6de348a6f02f3d6954ddbb79466cbe74.jpg,0,486,163,582,contrails
20220902_153328_jpg.rf.6de348a6f02f3d6954ddbb79466cbe74.jpg,0,318,130,415,contrails
20220902_153328_jpg.rf.6de348a6f02f3d6954ddbb79466cbe74.jpg,259,2,333,256,contrails
IMG_20221012_150048_jpg.rf.6dee4c733052021b7fcee8e484667eeb.jpg,54,218,287,640,contrails
IMG_20221104_150049_jpg.rf.5c4134107f0cd624576103e6a3f7138c.jpg,0,382,104,640,contrails
IMG_20221104_150049_jpg.rf.5c4134107f0cd624576103e6a3f7138c.jpg,63,9,281,606,contrails
IMG_20221104_150049_jpg.rf.5c4134107f0cd624576103e6a3f7138c.jpg,260,212,460,640,contrails
IMG_20221028_090048_jpg.rf.662e40602ac986fe0fd0caa6d9d73da6.jpg,238,0,445,90,contrails
IMG_20220917_190048_jpg.rf.6577ecc706eb7e2095460c65b96ce804.jpg,0,5,170,379,contrails
20220902_142453_jpg.rf.6ac11ac3d5b175592089e63dd032f7b3.jpg,189,384,341,640,contrails
20220902_142453_jpg.rf.6ac11ac3d5b175592089e63dd032f7b3.jpg,365,543,448,640,contrails




IMG_20221012_100048_jpg.rf.6dd57efb5108916d4b222abb480986f4.jpg,253,0,640,254,contrails
IMG_20221012_070048_jpg.rf.6c3f4b075c18660539847b213ad9dbc1.jpg,255,69,640,399,contrails


2022-08-29_18_00_34_jpg.rf.74a85c0c90e26e7bf65102beeb950db3.jpg,559,610,621,640,contrails

IMG_20221104_110049_jpg.rf.693db1bcc5b74841df908d308154aeec.jpg,453,330,640,640,contrails
IMG_20221006_100048_jpg.rf.771fdc9434be25e45a442f5fd66eb0ee.jpg,564,46,640,248,contrails
IMG_20221012_110048_jpg.rf.7592507927032032b854b2ae97a082fa.jpg,0,300,489,636,contrails
IMG_20221012_110048_jpg.rf.7592507927032032b854b2ae97a082fa.jpg,97,0,557,165,contrails

2022-08-02_09_00_08_jpg.rf.7ab75eefe8a710c3146a4dbede90912d.jpg,5,340,357,540,contrails
IMG_20221028_080048_jpg.rf.75c86717b4186fea08560b9531bd9e9b.jpg,35,503,390,640,contrails





IMG_20221028_080048_jpg.rf.7d3ce86d39266e318afa7f10334a3fa3.jpg,186,370,372,640,contrails



IMG_20221104_150049_jpg.rf.781355dfb5d9bc3f16f943c08d0e7400.jpg,0,0,6,3,contrails
IMG_20221012_100048_jpg.rf.773715e6487196ec36f902f1f6d17fae.jpg,0,147,439,534,contrails
IMG_20221012_100048_jpg.rf.773715e6487196ec36f902f1f6d17fae.jpg,68,27,408,340,contrails

IMG_20221030_070048_jpg.rf.7e9f59be3373750d39a52379e9d73bb7.jpg,0,296,49,361,contrails
IMG_20221030_070048_jpg.rf.7e9f59be3373750d39a52379e9d73bb7.jpg,0,532,98,637,contrails
IMG_20221103_090048_jpg.rf.7f275c57275085aca4e7dd35be6211b0.jpg,2,302,374,497,contrails
IMG_20221103_090048_jpg.rf.7f275c57275085aca4e7dd35be6211b0.jpg,0,425,349,569,contrails
20220902_144734_jpg.rf.7b27dfa6bf00a80c0d1cd25ad2412570.jpg,487,483,638,640,contrails
20220902_144734_jpg.rf.7b27dfa6bf00a80c0d1cd25ad2412570.jpg,313,596,358,640,contrails
20220902_144734_jpg.rf.7b27dfa6bf00a80c0d1cd25ad2412570.jpg,180,526,257,640,contrails
20220902_144734_jpg.rf.7b27dfa6bf00a80c0d1cd25ad2412570.jpg,72,575,105,640,contrails

IMG_20221104_100048_jpg.rf.825117db96e4ed90cf0b49e25ecfdab2.jpg,0,252,548,637,contrails

IMG_20221104_150049_jpg.rf.80cd2d88412a4867234e59be150f5848.jpg,0,0,228,328,contrails
IMG_20221104_150049_jpg.rf.80cd2d88412a4867234e59be150f5848.jpg,257,96,465,287,contrails
IMG_20221104_150049_jpg.rf.80cd2d88412a4867234e59be150f5848.jpg,236,0,336,94,contrails

IMG_20221204_130048_jpg.rf.80034b2ab812d32d7cfe795eda3a3e55.jpg,185,0,425,76,contrails
IMG_20221204_130048_jpg.rf.80034b2ab812d32d7cfe795eda3a3e55.jpg,182,287,628,640,contrails


IMG_20221012_070048_jpg.rf.80b4da4b109ef6b19ffe0943c5de4ce5.jpg,0,339,386,640,contrails
IMG_20221205_070049_jpg.rf.891925130b970c2585c72fd958ac056d.jpg,74,74,640,324,contrails
IMG_20221205_070049_jpg.rf.891925130b970c2585c72fd958ac056d.jpg,57,205,640,385,contrails
IMG_20221205_070049_jpg.rf.891925130b970c2585c72fd958ac056d.jpg,74,376,640,444,contrails
IMG_20221205_070049_jpg.rf.891925130b970c2585c72fd958ac056d.jpg,43,496,494,601,contrails
IMG_20221205_070049_jpg.rf.891925130b970c2585c72fd958ac056d.jpg,85,601,208,640,contrails
IMG_20221104_100048_jpg.rf.8acce8063826b93a843d6a0d874ad9bf.jpg,379,96,640,305,contrails
IMG_20221012_150048_jpg.rf.82f262d7d6b2e2f3b784e80b8e6ce28b.jpg,616,122,640,175,contrails
IMG_20221104_100048_jpg.rf.934f023802279795a026a8eb16de570b.jpg,335,379,544,640,contrails

IMG_20220929_180048_jpg.rf.87e8ef32827902aa2148b28be5a34d37.jpg,0,3,154,518,contrails

IMG_20221006_130048_jpg.rf.8728b78832f3df6934d7a8799449be7f.jpg,276,72,640,460,contrails
IMG_20221006_130048_jpg.rf.8728b78832f3df6934d7a8799449be7f.jpg,310,11,640,309,contrails

20220902_142453_jpg.rf.9274bfde056344c5f3eac6492c852698.jpg,0,189,256,341,contrails
20220902_142453_jpg.rf.9274bfde056344c5f3eac6492c852698.jpg,0,365,97,448,contrails



IMG_20221012_070048_jpg.rf.8c6707e554167e57358283ae7c0739b8.jpg,254,0,640,301,contrails


20220902_144429_jpg.rf.8f8f94896aa856946c5d345be9b591cc.jpg,0,197,0,198,contrails
20220902_144429_jpg.rf.8f8f94896aa856946c5d345be9b591cc.jpg,262,0,410,168,contrails
IMG_20220917_190048_jpg.rf.7d4329c86c08b60444b0e2871a7f9ea8.jpg,410,116,640,261,contrails